,BHK,Bathrooms,Balconies,Price,Developer,Project,Carpet Area,Locality,City,EMI
0,3,2,1,₹97.4 Lac,Ramky Estates & Farms Limited,Ramky One Symphony,1265,Patancheru,Hyderabad,34k
1,2,2,,₹85.0 Lac,Ramky Estates & Farms Limited,Ramky One Symphony,1065,Patancheru,Hyderabad,29k
2,3,2,1,₹1.22 Cr,Ramky Estates & Farms Limited,Ramky One Symphony,1585,Patancheru,Hyderabad,42k
3,2,2,1,₹90.0 Lac,Ramky Estates & Farms Limited,Ramky One Symphony,674,Patancheru,Hyderabad,31k
4,,,,Call for Price,Ramky Estates & Farms Limited,Ramky One Symphony,,Patancheru,Hyderabad,0
5,2,2,1,₹89.5 Lac,Ramky Estates & Farms Limited,Ramky One Symphony,1065,Pati,Hyderabad,31k
6,2,2,1,₹69.0 Lac,Ramky Estates & Farms Limited,Ramky One Symphony,1063,Patancheru,Hyderabad,24k
7,3,3,,₹1.30 Cr,Ramky Estates & Farms Limited,Ramky One Symphony,1585,Patancheru,Hyderabad,45k
8,2,2,1,₹75.0 Lac,Ramky Estates & Farms Limited,Ramky One Symphony,674,Patancheru,Hyderabad,26k
9,3,2,1,₹1.22 Cr,Ramky Estates & Farms Limited,Ramky One Symphony,1585,Patancheru,Hyderabad,42k
10,3,3,1,₹1.50 Cr,Prestige Group,The Prestige City,1687,Rajendranagar Mandal,Hyderabad,52k
11,,,,₹1.64 Cr,Prestige Group,The Prestige City,1079,Budwel,Hyderabad,57k
12,3,3,2,₹1.87 Cr,Prestige Group,The Prestige City,2433,Rajendranagar Mandal,Hyderabad,65k
13,3,3,3,₹1.65 Cr,Prestige Group,The Prestige City,1223,Rajendranagar Mandal,Hyderabad,57k
14,4,4,,₹2.58 Cr,Prestige Group,The Prestige City,3357,Rajendranagar Mandal,Hyderabad,89k
15,3,2,1,₹1.50 Cr,Prestige Group,The Prestige City,1534,Rajendranagar Mandal,Hyderabad,52k
16,3,2,1,₹1.19 Cr,Prestige Group,The Prestige City,1548,Rajendranagar Mandal,Hyderabad,41k
17,3,3,2,₹1.55 Cr,Prestige Group,The Prestige City,1687,Rajendranagar Mandal,Hyderabad,54k
18,3,3,1,₹2.0 Cr,Prestige Group,The Prestige City,2433,Rajendranagar Mandal,Hyderabad,69k
19,4,4,2,₹3.10 Cr,Prestige Group,The Prestige City,3357,Rajendranagar Mandal,Hyderabad,1.07L
20,3,3,3,₹1.14 Cr,Sri Aditya Squares,Sri Aditya Squares Ornate,1994,Patancheru,Hyderabad,40k
21,2,2,3,₹80.2 Lac,Sri Aditya Squares,Sri Aditya Squares Ornate,1394,Patancheru,Hyderabad,28k
22,2,2,3,₹79.6 Lac,Sri Aditya Squares,Sri Aditya Squares Ornate,1384,Patancheru,Hyderabad,28k
23,2,3,3,₹82.5 Lac,Sri Aditya Squares,Sri Aditya Squares Ornate,1434,Patancheru,Hyderabad,29k
24,2,2,3,₹76.4 Lac,Sri Aditya Squares,Sri Aditya Squares Ornate,1328,Patancheru,Hyderabad,26k
25,3,3,3,₹1.10 Cr,Sri Aditya Squares,Sri Aditya Squares Ornate,1923,Patancheru,Hyderabad,38k
26,2,2,3,₹82.2 Lac,Sri Aditya Squares,Sri Aditya Squares Ornate,1428,Patancheru,Hyderabad,28k
27,3,3,3,₹1.10 Cr,Sri Aditya Squares,Sri Aditya Squares Ornate,1921,Patancheru,Hyderabad,38k
28,3,3,3,₹98.0 Lac,Sri Aditya Squares,Sri Aditya Squares Ornate,1704,Patancheru,Hyderabad,34k
29,3,2,1,₹75.0 Lac,Sri Aditya Squares,Sri Aditya Squares Ornate,1345,Patancheru,Hyderabad,26k
30,3,3,1,₹3.0 Cr,SOBHA Limited,Sobha Waterfront,2188,Somajiguda,Hyderabad,1.04L
31,3,3,2,₹3.70 Cr,SOBHA Limited,Sobha Waterfront,2690,Somajiguda,Hyderabad,1.28L
32,4,4,2,₹4.18 Cr,SOBHA Limited,Sobha Waterfront,3045,Somajiguda,Hyderabad,1.45L
33,3,3,1,₹2.81 Cr,SOBHA Limited,Sobha Waterfront,2044,Somajiguda,Hyderabad,97k
34,3,3,2,₹3.70 Cr,SOBHA Limited,Sobha Waterfront,2690,Somajiguda,Hyderabad,1.28L
35,4,6,2,Call for Price,SOBHA Limited,Sobha Waterfront,3045,Somajiguda,Hyderabad,1.42L
36,4,4,2,₹4.50 Cr,SOBHA Limited,Sobha Waterfront,3278,Somajiguda,Hyderabad,1.56L
37,3,3,2,₹3.76 Cr,SOBHA Limited,Sobha Waterfront,2740,Somajiguda,Hyderabad,1.30L
38,4,4,1,₹4.27 Cr,SOBHA Limited,Sobha Waterfront,3111,Somajiguda,Hyderabad,1.48L
39,3,3,2,₹3.81 Cr,SOBHA Limited,Sobha Waterfront,2770,Somajiguda,Hyderabad,1.32L
40,4,4,2,₹2.98 Cr,Godrej Properties Ltd.,Godrej Regal Pavilion,3571,Rajendranagar Mandal,Hyderabad,1.04L
41,3,2,1,₹1.40 Cr,Godrej Properties Ltd.,Godrej Regal Pavilion,1679,Rajendranagar Mandal,Hyderabad,49k
42,3,3,2,₹1.56 Cr,Godrej Properties Ltd.,Godrej Regal Pavilion,1873,Rajendranagar Mandal,Hyderabad,54k
43,4,4,2,₹2.43 Cr,Godrej Properties Ltd.,Godrej Regal Pavilion,2904,Rajendranagar Mandal,Hyderabad,84k
44,3,3,2,₹1.46 Cr,Godrej Properties Ltd.,Godrej Regal Pavilion,1873,Rajendranagar Mandal,Hyderabad,51k
45,3,3,2,₹2.23 Cr,Godrej Properties Ltd.,Godrej Regal Pavilion,2673,Rajendranagar Mandal,Hyderabad,77k
46,3,3,1,₹1.68 Cr,Godrej Properties Ltd.,Godrej Regal Pavilion,2016,Rajendranagar Mandal,Hyderabad,58k
47,4,4,2,₹2.98 Cr,Godrej Properties Ltd.,Godrej Regal Pavilion,3571,Rajendranagar Mandal,Hyderabad,1.04L
48,3,3,2,₹1.80 Cr,Godrej Properties Ltd.,Godrej Regal Pavilion,1873,Rajendranagar Mandal,Hyderabad,62k
49,4,4,2,₹2.98 Cr,Godrej Properties Ltd.,Godrej Regal Pavilion,3571,Rajendranagar Mandal,Hyderabad,1.04L
50,3,3,3,₹1.94 Cr,N J R Constructions Pvt. Ltd.,NJR Sreenivasam,2025,Kondapur,Hyderabad,67k
51,3,3,2,₹1.71 Cr,N J R Constructions Pvt. Ltd.,NJR Sreenivasam,1368,JV Hills,Hyderabad,59k
52,3,3,3,₹1.94 Cr,N J R Constructions Pvt. Ltd.,NJR Sreenivasam,2025,Kondapur,Hyderabad,67k
53,3,3,3,₹1.65 Cr,N J R Constructions Pvt. Ltd.,NJR Sreenivasam,1740,Kondapur,Hyderabad,57k
54,3,3,3,₹1.65 Cr,N J R Constructions Pvt. Ltd.,NJR Sreenivasam,1740,Kondapur,Hyderabad,57k
55,3,3,3,₹2.17 Cr,N J R Constructions Pvt. Ltd.,NJR Sreenivasam,2270,Kondapur,Hyderabad,75k
56,3,3,3,₹1.85 Cr,N J R Constructions Pvt. Ltd.,NJR Sreenivasam,1915,Kondapur,Hyderabad,64k
57,3,3,3,₹2.16 Cr,N J R Constructions Pvt. Ltd.,NJR Sreenivasam,1787,JV Hills,Hyderabad,75k
58,3,3,3,₹2.17 Cr,N J R Constructions Pvt. Ltd.,NJR Sreenivasam,2270,Kondapur,Hyderabad,75k
59,3,3,3,₹1.85 Cr,N J R Constructions Pvt. Ltd.,NJR Sreenivasam,1915,Kondapur,Hyderabad,64k
60,3,3,3,₹1.95 Cr,Saanvi Infra Properties,Saanvi Altus,2445,Narsingi,Hyderabad,68k
61,3,3,3,₹2.16 Cr,Saanvi Infra Properties,Saanvi Altus,2700,Narsingi,Hyderabad,75k
62,3,3,3,₹2.21 Cr,Saanvi Infra Properties,Saanvi Altus,2765,Narsingi,Hyderabad,77k
63,3,3,3,₹2.20 Cr,Saanvi Infra Properties,Saanvi Altus,2750,Narsingi,Hyderabad,76k
64,3,3,3,₹2.24 Cr,Saanvi Infra Properties,Saanvi Altus,2800,Narsingi,Hyderabad,78k
65,3,3,3,₹1.95 Cr,Saanvi Infra Properties,Saanvi Altus,2440,Narsingi,Hyderabad,68k
66,3,3,3,₹1.97 Cr,Saanvi Infra Properties,Saanvi Altus,2465,Narsingi,Hyderabad,68k
67,3,2,2,₹1.33 Cr,Rajapushpa Properties Pvt. Ltd.,Rajapushpa Sierra,1850,Tellapur,Hyderabad,46k
68,2,2,1,Call for Price,Rajapushpa Properties Pvt. Ltd.,Rajapushpa Sierra,1295,Tellapur,Hyderabad,32k
69,3,2,2,₹1.69 Cr,Rajapushpa Properties Pvt. Ltd.,Rajapushpa Sierra,2350,Tellapur,Hyderabad,59k
70,2,2,2,₹93.2 Lac,Rajapushpa Properties Pvt. Ltd.,Rajapushpa Sierra,1295,Tellapur,Hyderabad,32k
71,2,2,2,₹93.2 Lac,Rajapushpa Properties Pvt. Ltd.,Rajapushpa Sierra,1295,Tellapur,Hyderabad,32k
72,2,2,1,Call for Price,Rajapushpa Properties Pvt. Ltd.,Rajapushpa Sierra,1295,Tellapur,Hyderabad,32k
73,3,3,1,Call for Price,Rajapushpa Properties Pvt. Ltd.,Rajapushpa Sierra,1850,Tellapur,Hyderabad,41k
74,3,3,2,₹1.69 Cr,Rajapushpa Properties Pvt. Ltd.,Rajapushpa Sierra,2350,Tellapur,Hyderabad,59k
75,3,2,2,Call for Price,Rajapushpa Properties Pvt. Ltd.,Rajapushpa Sierra,2555,Tellapur,Hyderabad,64k
76,2,2,1,₹93.2 Lac,Rajapushpa Properties Pvt. Ltd.,Rajapushpa Sierra,1295,Tellapur,Hyderabad,32k
77,3,2,2,₹1.20 Cr,Urbanrise,Urbanrise On Cloud 33,1353,Bachupally,Hyderabad,42k
78,2,2,,₹95.0 Lac,Urbanrise,Urbanrise On Cloud 33,1110,Bachupally,Hyderabad,33k
79,3,2,1,₹1.18 Cr,Urbanrise,Urbanrise On Cloud 33,940,Bachupally,Hyderabad,41k
80,3,3,1,₹1.40 Cr,Urbanrise,Urbanrise On Cloud 33,1400,Kousalya Colony,Hyderabad,48k
81,2,2,1,₹90.0 Lac,Urbanrise,Urbanrise On Cloud 33,685,Bachupally,Hyderabad,31k
82,3,2,2,₹1.30 Cr,Urbanrise,Urbanrise On Cloud 33,1353,Bachupally,Hyderabad,45k
83,3,2,1,₹1.25 Cr,Urbanrise,Urbanrise On Cloud 33,900,Bachupally,Hyderabad,43k
84,3,2,2,₹1.05 Cr,Urbanrise,Urbanrise On Cloud 33,1353,Bachupally,Hyderabad,36k
85,2,2,1,₹1.02 Cr,Urbanrise,Urbanrise On Cloud 33,750,Bachupally,Hyderabad,35k
86,3,3,1,₹1.45 Cr,Urbanrise,Urbanrise On Cloud 33,1617,Bachupally,Hyderabad,50k
87,3,3,1,₹3.74 Cr,GHR LAKSHMI URBANBLOCKS INFRA LLP,THE CASCADES NEOPOLIS,3390,Kokapet,Hyderabad,1.30L
88,3,3,2,Call for Price,GHR LAKSHMI URBANBLOCKS INFRA LLP,THE CASCADES NEOPOLIS,2655,Kokapet,Hyderabad,91k
89,4,4,1,₹4.76 Cr,GHR LAKSHMI URBANBLOCKS INFRA LLP,THE CASCADES NEOPOLIS,4330,Kokapet,Hyderabad,1.65L
90,4,4,1,₹4.78 Cr,GHR LAKSHMI URBANBLOCKS INFRA LLP,THE CASCADES NEOPOLIS,4330,Kokapet,Hyderabad,1.66L
91,4,4,3,Call for Price,GHR LAKSHMI URBANBLOCKS INFRA LLP,THE CASCADES NEOPOLIS,4330,Kokapet,Hyderabad,1.48L
92,3,3,1,₹3.72 Cr,GHR LAKSHMI URBANBLOCKS INFRA LLP,THE CASCADES NEOPOLIS,3390,Kokapet,Hyderabad,1.29L
93,4,4,3,Call for Price,GHR LAKSHMI URBANBLOCKS INFRA LLP,THE CASCADES NEOPOLIS,3895,Kokapet,Hyderabad,1.33L
94,3,3,1,₹3.73 Cr,GHR LAKSHMI URBANBLOCKS INFRA LLP,THE CASCADES NEOPOLIS,3390,Kokapet,Hyderabad,1.29L
95,3,3,2,Call for Price,GHR LAKSHMI URBANBLOCKS INFRA LLP,THE CASCADES NEOPOLIS,2655,Kokapet,Hyderabad,98k
96,4,4,1,₹4.28 Cr,GHR LAKSHMI URBANBLOCKS INFRA LLP,THE CASCADES NEOPOLIS,3895,Kokapet,Hyderabad,1.48L
97,2,2,1,₹88.0 Lac,Pranava Group,Pranava East Crest,1355,Hastinapuram,Hyderabad,30k
98,3,3,2,₹1.18 Cr,Pranava Group,Pranava East Crest,1825,Hastinapuram,Hyderabad,41k
99,3,3,2,₹1.14 Cr,Pranava Group,Pranava East Crest,1755,Hastinapuram,Hyderabad,39k
100,3,3,2,₹9.10 Cr,Kalpataru Limited,Kalpataru Amare,1400,Juhu,Mumbai,3.15L
101,5,3,2,₹24.05 Cr,Kalpataru Limited,Kalpataru Amare,3700,Juhu,Mumbai,8.33L
102,5,3,2,₹24.05 Cr,Kalpataru Limited,Kalpataru Amare,3700,Juhu,Mumbai,8.33L
103,3,3,1,₹9.81 Cr,Kalpataru Limited,Kalpataru Amare,1531,Juhu,Mumbai,3.40L
104,5,3,2,₹23.72 Cr,Kalpataru Limited,Kalpataru Amare,3650,Juhu,Mumbai,8.21L
105,4,4,1,₹12.15 Cr,Kalpataru Limited,Kalpataru Amare,1845,Juhu,Mumbai,4.21L
106,4,4,1,₹11.58 Cr,Kalpataru Limited,Kalpataru Amare,1899,Juhu,Mumbai,4.01L
107,3,3,1,₹8.57 Cr,Kalpataru Limited,Kalpataru Amare,1406,Juhu,Mumbai,2.97L
108,4,4,1,₹12.10 Cr,Kalpataru Limited,Kalpataru Amare,1845,Juhu,Mumbai,4.19L
109,5,3,2,₹18.20 Cr,Kalpataru Limited,Kalpataru Amare,2800,Juhu,Mumbai,6.30L
110,3,3,1,₹3.95 Cr,Chandak Group,Chandak Greenairy,1152,Magathane,Mumbai,1.37L
111,3,3,1,₹4.12 Cr,Chandak Group,Chandak Greenairy,1146,Siddharth Nagar Borivali East,Mumbai,1.43L
112,3,3,1,₹4.12 Cr,Chandak Group,Chandak Greenairy,1146,Siddharth Nagar Borivali East,Mumbai,1.43L
113,2,2,1,₹2.10 Cr,Chandak Group,Chandak Greenairy,700,Magathane,Mumbai,73k
114,3,3,1,₹4.08 Cr,Chandak Group,Chandak Greenairy,1152,Borivali East,Mumbai,1.41L
115,2,2,1,₹2.20 Cr,Chandak Group,Chandak Greenairy,700,Magathane,Mumbai,76k
116,3,3,3,₹4.0 Cr,Chandak Group,Chandak Greenairy,1152,Borivali East,Mumbai,1.39L
117,2,2,1,₹1.85 Cr,Chandak Group,Chandak Greenairy,618,Borivali East,Mumbai,64k
118,3,3,3,₹3.30 Cr,Chandak Group,Chandak Greenairy,1146,Borivali East,Mumbai,1.14L
119,2,2,1,₹2.35 Cr,Chandak Group,Chandak Greenairy,669,Borivali East,Mumbai,81k
120,2,2,1,₹2.66 Cr,Raymond Realty,Raymond The Address by GS Bandra,645,Bandra East,Mumbai,92k
121,2,2,1,₹2.87 Cr,Raymond Realty,Raymond The Address by GS Bandra,691,Bandra East,Mumbai,99k
122,2,2,2,Call for Price,Raymond Realty,Raymond The Address by GS Bandra,680,Bandra East,Mumbai,82k
123,3,3,1,₹4.21 Cr,Raymond Realty,Raymond The Address by GS Bandra,1145,Bandra East,Mumbai,1.46L
124,2,2,1,₹2.90 Cr,Raymond Realty,Raymond The Address by GS Bandra,700,Bandra East,Mumbai,1.01L
125,2,2,1,₹2.49 Cr,Raymond Realty,Raymond The Address by GS Bandra,645,Bandra East,Mumbai,86k
126,3,3,2,₹3.83 Cr,Raymond Realty,Raymond The Address by GS Bandra,970,Nirmal Nagar Bandra East,Mumbai,1.33L
127,2,2,,₹2.83 Cr,Raymond Realty,Raymond The Address by GS Bandra,691,Bandra East,Mumbai,98k
128,3,3,1,₹4.02 Cr,Raymond Realty,Raymond The Address by GS Bandra,970,Bandra East,Mumbai,1.39L
129,3,3,1,Call for Price,Raymond Realty,Raymond The Address by GS Bandra,1200,Bandra East,Mumbai,1.47L
130,2,2,2,₹5.39 Cr,Marathon Realty & Adani Group,Marathon Monte South,1198,Byculla,Mumbai,1.87L
131,3,3,1,₹4.49 Cr,Marathon Realty & Adani Group,Marathon Monte South,1131,Byculla,Mumbai,1.55L
132,2,2,,₹4.38 Cr,Marathon Realty & Adani Group,Marathon Monte South,932,Byculla,Mumbai,1.52L
133,3,3,1,₹6.30 Cr,Marathon Realty & Adani Group,Marathon Monte South,1303,Byculla,Mumbai,2.18L
134,2,2,1,₹3.70 Cr,Marathon Realty & Adani Group,Marathon Monte South,855,Byculla,Mumbai,1.28L
135,3,3,2,₹5.40 Cr,Marathon Realty & Adani Group,Marathon Monte South,1200,Byculla,Mumbai,1.87L
136,2,2,,₹4.50 Cr,Marathon Realty & Adani Group,Marathon Monte South,940,Byculla,Mumbai,1.56L
137,3,3,,₹5.25 Cr,Marathon Realty & Adani Group,Marathon Monte South,1200,Byculla,Mumbai,1.82L
138,3,3,2,₹8.09 Cr,Marathon Realty & Adani Group,Marathon Monte South,1700,Byculla,Mumbai,2.80L
139,2,2,,₹3.99 Cr,Marathon Realty & Adani Group,Marathon Monte South,855,Byculla,Mumbai,1.38L
140,3,3,1,₹3.73 Cr,Ashwin Sheth Group and Emami Group,Ashwin Sheth Edmont Aurelia,1007,Sai Nagar Kandivali West,Mumbai,1.29L
141,2,2,1,₹2.66 Cr,Ashwin Sheth Group and Emami Group,Ashwin Sheth Edmont Aurelia,761,Kandivali West,Mumbai,92k
142,3,3,1,₹4.26 Cr,Ashwin Sheth Group and Emami Group,Ashwin Sheth Edmont Aurelia,1255,Kandivali West,Mumbai,1.47L
143,3,3,1,₹4.15 Cr,Ashwin Sheth Group and Emami Group,Ashwin Sheth Edmont Aurelia,1218,Kandivali West,Mumbai,1.44L
144,3,3,1,₹4.26 Cr,Ashwin Sheth Group and Emami Group,Ashwin Sheth Edmont Aurelia,1255,Kandivali West,Mumbai,1.47L
145,3,3,1,₹2.90 Cr,Ashwin Sheth Group and Emami Group,Ashwin Sheth Edmont Aurelia,1009,Sai Nagar Kandivali West,Mumbai,1.00L
146,2,2,1,₹2.49 Cr,Ashwin Sheth Group and Emami Group,Ashwin Sheth Edmont Aurelia,761,Kandivali West,Mumbai,86k
147,3,3,1,₹4.15 Cr,Ashwin Sheth Group and Emami Group,Ashwin Sheth Edmont Aurelia,1218,Kandivali West,Mumbai,1.44L
148,3,3,1,₹4.26 Cr,Ashwin Sheth Group and Emami Group,Ashwin Sheth Edmont Aurelia,1255,Kandivali West,Mumbai,1.47L
149,2,2,1,₹2.49 Cr,Ashwin Sheth Group and Emami Group,Ashwin Sheth Edmont Aurelia,761,Kandivali West,Mumbai,86k
150,2,2,1,₹1.98 Cr,N Rose Developers Pvt. Ltd.,N Rose Northern Hills,701,Dahisar East,Mumbai,69k
151,2,2,1,₹1.70 Cr,N Rose Developers Pvt. Ltd.,N Rose Northern Hills,647,Dahisar East,Mumbai,59k
152,3,4,1,₹2.89 Cr,N Rose Developers Pvt. Ltd.,N Rose Northern Hills,1026,Dahisar East,Mumbai,1.00L
153,2,2,1,₹1.55 Cr,N Rose Developers Pvt. Ltd.,N Rose Northern Hills,620,Dahisar East,Mumbai,54k
154,3,3,1,₹3.30 Cr,N Rose Developers Pvt. Ltd.,N Rose Northern Hills,1140,Dahisar East,Mumbai,1.14L
155,3,4,2,₹2.89 Cr,N Rose Developers Pvt. Ltd.,N Rose Northern Hills,1026,Dahisar East,Mumbai,1.00L
156,2,2,1,₹1.79 Cr,N Rose Developers Pvt. Ltd.,N Rose Northern Hills,647,Dahisar East,Mumbai,62k
157,3,4,2,₹2.93 Cr,N Rose Developers Pvt. Ltd.,N Rose Northern Hills,1045,Dahisar East,Mumbai,1.02L
158,2,2,1,₹1.65 Cr,N Rose Developers Pvt. Ltd.,N Rose Northern Hills,695,Dahisar East,Mumbai,57k
159,2,2,1,₹1.69 Cr,N Rose Developers Pvt. Ltd.,N Rose Northern Hills,624,Dahisar East,Mumbai,59k
160,3,3,1,₹2.97 Cr,WMI Real Estate Developers LLP,WMI Ashford Regal,1100,Bhandup West,Mumbai,1.03L
161,2,2,1,₹1.66 Cr,WMI Real Estate Developers LLP,WMI Ashford Regal,602,Bhandup West,Mumbai,58k
162,1,2,1,₹99.0 Lac,WMI Real Estate Developers LLP,WMI Ashford Regal,447,Bhandup West,Mumbai,34k
163,1,1,1,₹85.0 Lac,WMI Real Estate Developers LLP,WMI Ashford Regal,400,Battipada,Mumbai,29k
164,2,2,1,₹1.80 Cr,WMI Real Estate Developers LLP,WMI Ashford Regal,650,Bhandup West,Mumbai,62k
165,2,2,1,₹1.57 Cr,WMI Real Estate Developers LLP,WMI Ashford Regal,912,Bhandup West,Mumbai,54k
166,1,2,1,₹1.11 Cr,WMI Real Estate Developers LLP,WMI Ashford Regal,447,Bhandup West,Mumbai,38k
167,3,3,1,₹2.93 Cr,WMI Real Estate Developers LLP,WMI Ashford Regal,1100,Bhandup West,Mumbai,1.01L
168,,,1,₹1.0 Cr,WMI Ashford Regal,,720,Nahur West,Mumbai,35k
169,2,2,1,₹1.39 Cr,WMI Real Estate Developers LLP,WMI Ashford Regal,650,Nahur West,Mumbai,48k
170,4,4,1,₹20.04 Cr,K Raheja Corp,Raheja Modern Vivarea,2798,Mahalakshmi,Mumbai,6.94L
171,3,5,1,₹11.30 Cr,K Raheja Corp,Raheja Modern Vivarea,1740,Mahalakshmi,Mumbai,3.92L
172,3,3,1,₹12.46 Cr,K Raheja Corp,Raheja Modern Vivarea,1740,Mahalakshmi,Mumbai,4.32L
173,4,5,4,₹22.26 Cr,K Raheja Corp,Raheja Modern Vivarea,3108,Mahalakshmi,Mumbai,7.71L
174,4,5,2,₹15.35 Cr,K Raheja Corp,Raheja Modern Vivarea,2364,Mahalakshmi,Mumbai,5.32L
175,4,4,1,₹19.89 Cr,K Raheja Corp,Raheja Modern Vivarea,2777,Mahalakshmi,Mumbai,6.89L
176,4,4,1,₹25.0 Cr,K Raheja Corp,Raheja Modern Vivarea,2259,Mahalakshmi,Mumbai,8.65L
177,4,5,2,₹15.57 Cr,K Raheja Corp,Raheja Modern Vivarea,2174,Mahalakshmi,Mumbai,5.39L
178,3,4,1,₹14.79 Cr,K Raheja Corp,Raheja Modern Vivarea,1740,Mahalakshmi,Mumbai,5.12L
179,4,4,4,₹20.04 Cr,K Raheja Corp,Raheja Modern Vivarea,2798,Mahalakshmi,Mumbai,6.94L
180,3,3,1,₹6.86 Cr,Ajmera Realty & Infra India Ltd. and Sheetal Infrastructure Pvt. Ltd.,Vann By Ajmera,1171,Andheri,Mumbai,2.37L
181,3,3,2,₹6.86 Cr,Ajmera Realty & Infra India Ltd. and Sheetal Infrastructure Pvt. Ltd.,Vann By Ajmera,1171,Andheri,Mumbai,2.37L
182,4,4,1,₹11.74 Cr,Ajmera Realty & Infra India Ltd. and Sheetal Infrastructure Pvt. Ltd.,Vann By Ajmera,2174,Andheri,Mumbai,4.06L
183,4,4,4,₹9.67 Cr,Ajmera Realty & Infra India Ltd. and Sheetal Infrastructure Pvt. Ltd.,Vann By Ajmera,2174,Versova,Mumbai,3.35L
184,4,4,1,₹11.74 Cr,Ajmera Realty & Infra India Ltd. and Sheetal Infrastructure Pvt. Ltd.,Vann By Ajmera,2174,Andheri,Mumbai,4.06L
185,4,4,3,₹11.74 Cr,Ajmera Realty & Infra India Ltd. and Sheetal Infrastructure Pvt. Ltd.,Vann By Ajmera,2174,Andheri,Mumbai,4.06L
186,4,4,1,₹10.84 Cr,Ajmera Realty & Infra India Ltd. and Sheetal Infrastructure Pvt. Ltd.,Vann By Ajmera,2174,Andheri,Mumbai,3.75L
187,3,3,1,₹6.86 Cr,Ajmera Realty & Infra India Ltd. and Sheetal Infrastructure Pvt. Ltd.,Vann By Ajmera,1171,Andheri,Mumbai,2.37L
188,4,4,4,₹10.48 Cr,Ajmera Realty & Infra India Ltd. and Sheetal Infrastructure Pvt. Ltd.,Vann By Ajmera,2171,Versova,Mumbai,3.63L
189,3,3,1,₹6.86 Cr,Ajmera Realty & Infra India Ltd. and Sheetal Infrastructure Pvt. Ltd.,Vann By Ajmera,1171,Andheri,Mumbai,2.37L
190,3,3,1,₹8.11 Cr,Hiranandani Group,Hiranandani Empress Hill,1439,Central Area,Mumbai,2.81L
191,3,3,,₹6.98 Cr,Hiranandani Group,Hiranandani Empress Hill,1334,Powai,Mumbai,2.42L
192,3,3,1,₹5.30 Cr,Hiranandani Group,Hiranandani Empress Hill,1100,Hiranandani Gardens,Mumbai,1.83L
193,4,4,1,₹10.99 Cr,Hiranandani Group,Hiranandani Empress Hill,1680,Hiranandani Gardens,Mumbai,3.81L
194,4,4,1,₹8.86 Cr,Hiranandani Group,Hiranandani Empress Hill,1600,Hiranandani Gardens,Mumbai,3.07L
195,3,3,1,₹5.76 Cr,Hiranandani Group,Hiranandani Empress Hill,1100,Powai,Mumbai,1.99L
196,4,4,,₹8.27 Cr,Hiranandani Group,Hiranandani Empress Hill,1579,Powai,Mumbai,2.86L
197,3,3,1,₹5.20 Cr,Hiranandani Group,Hiranandani Empress Hill,1135,Hiranandani Gardens,Mumbai,1.80L
198,3,3,2,₹5.29 Cr,Hiranandani Group,Hiranandani Empress Hill,1150,Hiranandani Gardens,Mumbai,1.83L
199,4,4,1,₹8.27 Cr,Hiranandani Group,Hiranandani Empress Hill,1579,Powai,Mumbai,2.86L
200,4,4,3,₹5.70 Cr,Embassy Group,Project by Embassy,3000,Hebbal,Bangalore,1.97L
201,3,3,2,₹4.50 Cr,Embassy Group,Project by Embassy,2500,Hebbal,Bangalore,1.56L
202,3,3,2,₹4.30 Cr,Embassy Group,Project by Embassy,2450,Hebbal,Bangalore,1.49L
203,3,3,2,₹4.25 Cr,Embassy Group,Project by Embassy,2100,Hebbal,Bangalore,1.47L
204,4,4,3,₹5.50 Cr,Embassy Group,Project by Embassy,2950,Hebbal,Bangalore,1.90L
205,3,3,2,₹3.95 Cr,Embassy Group,Project by Embassy,2050,Hebbal,Bangalore,1.37L
206,2,3,1,₹1.23 Cr,DSR Infrastructure Pvt. Ltd.,DSR The Courtyard,844,Sarjapur Road,Bangalore,43k
207,2,2,1,₹1.36 Cr,DSR Infrastructure Pvt. Ltd.,DSR The Courtyard,935,Sarjapur Road,Bangalore,47k
208,2,2,1,₹1.14 Cr,DSR Infrastructure Pvt. Ltd.,DSR The Courtyard,900,Gunjur,Bangalore,40k
209,3,2,1,₹1.54 Cr,DSR Infrastructure Pvt. Ltd.,DSR The Courtyard,1549,Sarjapur Road,Bangalore,54k
210,2,2,1,₹1.17 Cr,DSR Infrastructure Pvt. Ltd.,DSR The Courtyard,1302,Sarjapur Road,Bangalore,41k
211,2,2,1,₹1.25 Cr,DSR Infrastructure Pvt. Ltd.,DSR The Courtyard,854,Sarjapur Road,Bangalore,43k
212,2,2,1,₹1.14 Cr,DSR Infrastructure Pvt. Ltd.,DSR The Courtyard,900,Gunjur,Bangalore,40k
213,2,2,1,₹1.11 Cr,DSR Infrastructure Pvt. Ltd.,DSR The Courtyard,866,Sarjapur Road,Bangalore,39k
214,3,3,1,₹1.62 Cr,DSR Infrastructure Pvt. Ltd.,DSR The Courtyard,1546,Sarjapur Road,Bangalore,56k
215,2,2,1,₹1.24 Cr,DSR Infrastructure Pvt. Ltd.,DSR The Courtyard,1234,Sarjapur Road,Bangalore,43k
216,4,4,2,₹3.61 Cr,SOBHA Limited,Project by Sobha,2407,Hoskote,Bangalore,1.25L
217,2,2,1,₹1.80 Cr,SOBHA Limited,Project by Sobha,1213,Hoskote,Bangalore,62k
218,3,3,2,₹2.70 Cr,SOBHA Limited,Project by Sobha,1811,Hoskote,Bangalore,93k
219,2,2,2,₹1.50 Cr,SOBHA Limited,Project by Sobha,1015,Hoskote,Bangalore,52k
220,1,1,1,₹1.01 Cr,SOBHA Limited,Project by Sobha,703,Hoskote,Bangalore,35k
221,3,3,2,₹2.20 Cr,SOBHA Limited,Project by Sobha,1511,Hoskote,Bangalore,76k
222,4,4,2,₹3.15 Cr,SOBHA Limited,Project by Sobha,2102,Hoskote,Bangalore,1.09L
223,3,3,3,₹2.59 Cr,Brigade Enterprises Ltd.,Brigade Eternia,1700,Yelahanka,Bangalore,90k
224,3,3,2,₹2.52 Cr,Brigade Enterprises Ltd.,Brigade Eternia,1684,Yelahanka,Bangalore,87k
225,3,3,1,₹3.26 Cr,Brigade Enterprises Ltd.,Brigade Eternia,2111,Yelahanka,Bangalore,1.13L
226,3,3,3,₹2.89 Cr,Brigade Enterprises Ltd.,Brigade Eternia,2250,Yelahanka,Bangalore,1.00L
227,3,3,1,₹2.29 Cr,Brigade Enterprises Ltd.,Brigade Eternia,1105,Yelahanka,Bangalore,79k
228,3,3,1,₹3.33 Cr,Brigade Enterprises Ltd.,Brigade Eternia,2111,Yelahanka,Bangalore,1.15L
229,3,3,1,₹2.92 Cr,Brigade Enterprises Ltd.,Brigade Eternia,1953,Yelahanka,Bangalore,1.01L
230,3,3,3,₹2.43 Cr,Brigade Enterprises Ltd.,Brigade Eternia,1620,Yelahanka,Bangalore,84k
231,3,3,2,₹3.48 Cr,Brigade Enterprises Ltd.,Brigade Eternia,2247,Yelahanka,Bangalore,1.20L
232,3,3,1,₹2.86 Cr,Brigade Enterprises Ltd.,Brigade Eternia,1848,Yelahanka,Bangalore,99k
233,2,2,1,₹1.70 Cr,Karle Infra Pvt. Ltd.,Karle Vario Homes,850,Hebbal,Bangalore,59k
234,3,3,2,₹2.70 Cr,Karle Infra Pvt. Ltd.,Karle Vario Homes,1200,Hebbal,Bangalore,93k
235,2,2,2,₹2.0 Cr,Karle Infra Pvt. Ltd.,Karle Vario Homes,1168,Hebbal,Bangalore,69k
236,2,2,1,₹2.40 Cr,Karle Infra Pvt. Ltd.,Karle Vario Homes,1168,Nagavara,Bangalore,83k
237,3,3,1,₹2.40 Cr,Karle Infra Pvt. Ltd.,Karle Vario Homes,1655,Hebbal,Bangalore,83k
238,3,3,1,₹2.40 Cr,Karle Infra Pvt. Ltd.,Karle Vario Homes,1145,Hebbal,Bangalore,83k
239,2,2,10,₹1.69 Cr,Karle Infra Pvt. Ltd.,Karle Vario Homes,988,Nagavara,Bangalore,59k
240,2,2,1,₹1.95 Cr,Karle Infra Pvt. Ltd.,Karle Vario Homes,1168,Hebbal,Bangalore,68k
241,2,2,1,₹2.0 Cr,Karle Infra Pvt. Ltd.,Karle Vario Homes,1004,Hebbal,Bangalore,69k
242,2,2,1,₹1.80 Cr,Karle Infra Pvt. Ltd.,Karle Vario Homes,890,Hebbal,Bangalore,62k
243,3,2,1,₹1.37 Cr,Mahendra Homes Pvt. Ltd.,Mahendra Arto Helix,1350,Electronic City,Bangalore,48k
244,3,3,2,₹1.59 Cr,Mahendra Homes Pvt. Ltd.,Mahendra Arto Helix,1565,Electronic City,Bangalore,55k
245,2,2,1,₹1.18 Cr,Mahendra Homes Pvt. Ltd.,Mahendra Arto Helix,1160,Electronic City,Bangalore,41k
246,3,3,2,₹1.85 Cr,Mahendra Homes Pvt. Ltd.,Mahendra Arto Helix,1820,Electronic City,Bangalore,64k
247,2,2,1,₹1.18 Cr,Mahendra Homes Pvt. Ltd.,Mahendra Arto Helix,1160,Electronic City,Bangalore,41k
248,2,2,1,₹1.33 Cr,Mahendra Homes Pvt. Ltd.,Mahendra Arto Helix,833,Electronic City,Bangalore,46k
249,3,3,2,₹1.85 Cr,Mahendra Homes Pvt. Ltd.,Mahendra Arto Helix,1820,Electronic City,Bangalore,64k
250,2,2,1,₹1.29 Cr,Mahendra Homes Pvt. Ltd.,Mahendra Arto Helix,717,Electronic City,Bangalore,45k
251,3,3,2,₹1.85 Cr,Mahendra Homes Pvt. Ltd.,Mahendra Arto Helix,1820,Electronic City,Bangalore,64k
252,3,3,2,₹1.59 Cr,Mahendra Homes Pvt. Ltd.,Mahendra Arto Helix,1565,Electronic City,Bangalore,55k
253,3,2,1,₹1.69 Cr,SBR Group,SBR One Residence,834,Whitefield,Bangalore,59k
254,2,2,1,₹1.84 Cr,SBR Group,SBR One Residence,1310,Whitefield,Bangalore,64k
255,3,3,2,₹2.46 Cr,SBR Group,SBR One Residence,1752,Whitefield,Bangalore,85k
256,2,2,1,₹1.68 Cr,SBR Group,SBR One Residence,1200,Whitefield,Bangalore,58k
257,2,2,1,₹1.68 Cr,SBR Group,SBR One Residence,1200,Whitefield,Bangalore,58k
258,2,2,1,₹1.67 Cr,SBR Group,SBR One Residence,1191,Whitefield,Bangalore,58k
259,2,2,1,₹1.67 Cr,SBR Group,SBR One Residence,1191,Whitefield,Bangalore,58k
260,3,3,2,₹2.46 Cr,SBR Group,SBR One Residence,1752,Whitefield,Bangalore,85k
261,3,3,2,₹2.37 Cr,SBR Group,SBR One Residence,1692,Whitefield,Bangalore,82k
262,2,2,1,₹1.68 Cr,SBR Group,SBR One Residence,1200,Whitefield,Bangalore,58k
263,4,5,2,₹7.19 Cr,Sobha Limited,Sobha Infinia Phase 2,2350,HSR Layout,Bangalore,2.49L
264,3,4,2,₹5.40 Cr,Sobha Limited,Sobha Infinia Phase 2,1575,HSR Layout,Bangalore,1.87L
265,4,5,2,₹5.13 Cr,Sobha Limited,Sobha Infinia Phase 2,1675,HSR Layout,Bangalore,1.78L
266,3,3,1,₹3.89 Cr,Sobha Limited,Sobha Infinia Phase 2,1273,HSR Layout,Bangalore,1.35L
267,4,5,2,₹8.10 Cr,Sobha Limited,Sobha Infinia Phase 2,2350,HSR Layout,Bangalore,2.80L
268,,,,₹6.52 Cr,Sobha Limited,Sobha Infinia Phase 2,2350,HSR Layout,Bangalore,2.26L
269,3,3,3,₹3.89 Cr,Sobha Limited,Sobha Infinia Phase 2,1273,HSR Layout,Bangalore,1.35L
270,4,4,2,₹5.53 Cr,Sobha Limited,Sobha Infinia Phase 2,2782,Agara Village,Bangalore,1.92L
271,4,4,4,₹5.13 Cr,Sobha Limited,Sobha Infinia Phase 2,1675,HSR Layout,Bangalore,1.78L
272,4,4,4,₹7.19 Cr,Sobha Limited,Sobha Infinia Phase 2,2350,HSR Layout,Bangalore,2.49L
273,3,3,3,₹8.25 Cr,H M Constructions,HM Grandeur,3372,Frazer Town,Bangalore,2.86L
274,3,4,3,₹8.0 Cr,H M Constructions,HM Grandeur,2500,Frazer Town,Bangalore,2.77L
275,3,3,3,₹7.57 Cr,H M Constructions,HM Grandeur,3096,Frazer Town,Bangalore,2.62L
276,3,3,3,₹5.50 Cr,H M Constructions,HM Grandeur,3096,Cleveland Town,Bangalore,1.90L
277,3,3,3,₹8.31 Cr,H M Constructions,HM Grandeur,3096,Frazer Town,Bangalore,2.88L
278,3,3,2,₹3.16 Cr,Godrej Properties,Godrej Woods,1194,Thanisandra Main Road,Bangalore,1.10L
279,2,2,1,₹1.61 Cr,Godrej Properties,Godrej Woods,1193,Thanisandra Main Road,Bangalore,56k
280,2,2,1,₹1.72 Cr,Godrej Properties,Godrej Woods,719,Thanisandra Main Road,Bangalore,60k
281,3,3,2,₹3.16 Cr,Godrej Properties,Godrej Woods,1194,Thanisandra Main Road,Bangalore,1.10L
282,3,3,2,₹2.72 Cr,Godrej Properties,Godrej Woods,1026,Thanisandra Main Road,Bangalore,94k
283,2,2,1,₹1.72 Cr,Godrej Properties,Godrej Woods,719,Thanisandra Main Road,Bangalore,60k
284,3,3,1,₹2.42 Cr,Godrej Properties,Godrej Woods,1888,Thanisandra Main Road,Bangalore,84k
285,3,3,2,₹3.16 Cr,Godrej Properties,Godrej Woods,1194,Thanisandra Main Road,Bangalore,1.10L
286,,,,₹2.40 Cr,Godrej Properties,Godrej Woods,1416,Thanisandra,Bangalore,83k
287,2,2,1,₹1.72 Cr,Godrej Properties,Godrej Woods,719,Thanisandra Main Road,Bangalore,60k
288,2,2,1,₹99.0 Lac,Sowparnika Projects & Infrastructure Pvt. Ltd.,Sowparnika Whispering Petals,1073,Hoskote,Bangalore,34k
289,3,2,2,₹99.5 Lac,Sowparnika Projects & Infrastructure Pvt. Ltd.,Sowparnika Whispering Petals,910,Hoskote,Bangalore,34k
290,2,2,2,₹86.1 Lac,Sowparnika Projects & Infrastructure Pvt. Ltd.,Sowparnika Whispering Petals,652,Hoskote,Bangalore,30k
291,2,2,1,₹99.0 Lac,Sowparnika Projects & Infrastructure Pvt. Ltd.,Sowparnika Whispering Petals,1073,Hoskote,Bangalore,34k
292,3,3,3,₹1.22 Cr,Sowparnika Projects & Infrastructure Pvt. Ltd.,Sowparnika Whispering Petals,1326,Hoskote,Bangalore,42k
293,3,3,3,₹1.09 Cr,Sowparnika Projects & Infrastructure Pvt. Ltd.,Sowparnika Whispering Petals,1187,Hoskote,Bangalore,38k
294,2,2,2,₹95.9 Lac,Sowparnika Projects & Infrastructure Pvt. Ltd.,Sowparnika Whispering Petals,1036,Hoskote,Bangalore,33k
295,2,2,1,₹95.9 Lac,Sowparnika Projects & Infrastructure Pvt. Ltd.,Sowparnika Whispering Petals,1036,Hoskote,Bangalore,33k
296,3,3,1,₹1.09 Cr,Sowparnika Projects & Infrastructure Pvt. Ltd.,Sowparnika Whispering Petals,1187,Hoskote,Bangalore,38k
297,3,3,2,₹1.22 Cr,Sowparnika Projects & Infrastructure Pvt. Ltd.,Sowparnika Whispering Petals,1326,Hoskote,Bangalore,42k
298,3,3,2,₹1.39 Cr,Provident Housing Ltd.,Provident Botanico,1480,Soukya Road,Bangalore,48k
299,3,3,1,₹1.25 Cr,Provident Housing Ltd.,Provident Botanico,1334,Soukya Road,Bangalore,43k
300,4,4,1,₹1.52 Cr,Aristo Lifespaces Realty Llp,Aristo Anantam,2970,Chharodi,Ahmedabad,53k
301,3,3,1,₹99.0 Lac,Aristo Lifespaces Realty Llp,Aristo Anantam,2070,Chharodi,Ahmedabad,34k
302,3,3,2,₹1.09 Cr,Aristo Lifespaces Realty Llp,Aristo Anantam,127sqyrd,Chharodi,Ahmedabad,38k
303,3,3,,₹1.18 Cr,Aristo Lifespaces Realty Llp,Aristo Anantam,230sqyrd,Chharodi,Ahmedabad,41k
304,4,3,1,₹1.70 Cr,Aristo Lifespaces Realty Llp,Aristo Anantam,198sqyrd,Chharodi,Ahmedabad,59k
305,3,3,1,₹1.49 Cr,Aristo Lifespaces Realty Llp,Aristo Anantam,280sqyrd,Chharodi,Ahmedabad,52k
306,3,3,1,₹1.06 Cr,Aristo Lifespaces Realty Llp,Aristo Anantam,127sqyrd,Chharodi,Ahmedabad,37k
307,3,3,1,₹1.27 Cr,Aristo Lifespaces Realty Llp,Aristo Anantam,2493,Chharodi,Ahmedabad,44k
308,4,4,1,₹1.75 Cr,Aristo Lifespaces Realty Llp,Aristo Anantam,330sqyrd,Chharodi,Ahmedabad,61k
309,3,3,1,₹1.12 Cr,Aristo Lifespaces Realty Llp,Aristo Anantam,1138,Chharodi,Ahmedabad,39k
310,4,4,3,₹4.30 Cr,Ashima Group,Ashima The Sovereign,3187,Thaltej,Ahmedabad,1.49L
311,5,4,3,₹8.50 Cr,Ashima Group,Ashima The Sovereign,5611,Thaltej,Ahmedabad,2.94L
312,5,4,1,Call for Price,Ashima Group,Ashima The Sovereign,"10,201",Thaltej,Ahmedabad,2.53L
313,5,4,4,₹8.50 Cr,Ashima Group,Ashima The Sovereign,5407,Thaltej,Ahmedabad,2.94L
314,4,4,1,₹4.93 Cr,Ashima Group,Ashima The Sovereign,3307,Thaltej,Ahmedabad,1.71L
315,4,5,1,₹4.30 Cr,Ashima Group,Ashima The Sovereign,6014,Thaltej,Ahmedabad,1.49L
316,4,4,3,₹4.30 Cr,Ashima Group,Ashima The Sovereign,3187,Thaltej,Ahmedabad,1.49L
317,5,4,3,₹8.58 Cr,Ashima Group,Ashima The Sovereign,5407,Thaltej,Ahmedabad,2.97L
318,4,4,3,₹4.34 Cr,Ashima Group,Ashima The Sovereign,3187,Thaltej,Ahmedabad,1.50L
319,4,4,1,₹4.30 Cr,Ashima Group,Ashima The Sovereign,6014,Thaltej,Ahmedabad,1.49L
320,4,4,2,₹2.77 Cr,HR Group,HR Eliseo,5050,Shela,Ahmedabad,96k
321,4,4,2,₹1.27 Cr,HR Group,HR Eliseo,1553,Shela,Ahmedabad,44k
322,4,4,1,₹3.31 Cr,HR Group,HR Eliseo,2776,Shela,Ahmedabad,1.15L
323,4,4,2,₹1.35 Cr,HR Group,HR Eliseo,1409,Shela,Ahmedabad,47k
324,4,4,1,₹1.41 Cr,HR Group,HR Eliseo,1409,Shela,Ahmedabad,49k
325,4,4,2,₹1.41 Cr,HR Group,HR Eliseo,1497,Shela,Ahmedabad,49k
326,4,4,1,₹1.41 Cr,HR Group,HR Eliseo,1409,Shela,Ahmedabad,49k
327,4,4,2,₹1.21 Cr,HR Group,HR Eliseo,1409,Shela,Ahmedabad,42k
328,4,4,1,₹1.27 Cr,HR Group,HR Eliseo,2825,Shela,Ahmedabad,44k
329,4,4,2,₹1.41 Cr,HR Group,HR Eliseo,1409,Shela,Ahmedabad,49k
330,3,3,1,₹80.0 Lac,Redbricks Infra,Royal Opulence,1800,Vaishnodevi Circle,Ahmedabad,28k
331,3,3,1,₹73.0 Lac,Redbricks Infra,Royal Opulence,1800,Vaishnodevi Circle,Ahmedabad,25k
332,3,3,1,₹75.0 Lac,Redbricks Infra,Royal Opulence,1800,Vaishnodevi Circle,Ahmedabad,26k
333,3,3,1,₹69.3 Lac,Redbricks Infra,Royal Opulence,900,Vaishnodevi Circle,Ahmedabad,24k
334,3,3,1,₹1.40 Cr,Deep Group of Companies,Deep Indraprasth Saptak,1265,Naranpura,Ahmedabad,48k
335,4,4,1,₹1.98 Cr,Deep Group of Companies,Deep Indraprasth Saptak,1749,Naranpura,Ahmedabad,69k
336,3,3,1,₹1.40 Cr,Deep Group of Companies,Deep Indraprasth Saptak,1237,Naranpura,Ahmedabad,49k
337,4,4,1,₹2.07 Cr,Deep Group of Companies,Deep Indraprasth Saptak,1433,Naranpura,Ahmedabad,72k
338,4,4,1,₹2.07 Cr,Deep Group of Companies,Deep Indraprasth Saptak,3180,Naranpura,Ahmedabad,72k
339,3,3,1,₹1.40 Cr,Deep Group of Companies,Deep Indraprasth Saptak,1237,Naranpura,Ahmedabad,49k
340,3,3,1,₹1.49 Cr,Deep Group of Companies,Deep Indraprasth Saptak,1035,Naranpura,Ahmedabad,52k
341,4,4,1,₹2.45 Cr,Deep Group of Companies,Deep Indraprasth Saptak,1749,Naranpura,Ahmedabad,85k
342,3,3,1,₹1.49 Cr,Deep Group of Companies,Deep Indraprasth Saptak,2300,Naranpura,Ahmedabad,52k
343,4,4,1,₹1.98 Cr,Deep Group of Companies,Deep Indraprasth Saptak,1749,Naranpura,Ahmedabad,69k
344,4,4,2,₹2.91 Cr,AARON ASSOCIATES LLP,AARON ELINOR 51,4608,Science City,Ahmedabad,1.01L
345,4,2,4,₹3.0 Cr,AARON ASSOCIATES LLP,AARON ELINOR 51,2296,Science City,Ahmedabad,1.04L
346,4,4,2,₹2.91 Cr,AARON ASSOCIATES LLP,AARON ELINOR 51,2534,Science City,Ahmedabad,1.01L
347,4,4,2,₹2.85 Cr,AARON ASSOCIATES LLP,AARON ELINOR 51,2479,Science City,Ahmedabad,99k
348,4,4,2,₹2.86 Cr,AARON ASSOCIATES LLP,AARON ELINOR 51,2479,Science City,Ahmedabad,99k
349,4,4,2,₹2.88 Cr,AARON ASSOCIATES LLP,AARON ELINOR 51,4509,Science City,Ahmedabad,100k
350,4,4,1,₹3.40 Cr,AARON ASSOCIATES LLP,AARON ELINOR 51,281sqyrd,Science City,Ahmedabad,1.18L
351,4,4,1,₹2.91 Cr,AARON ASSOCIATES LLP,AARON ELINOR 51,2073,Science City,Ahmedabad,1.01L
352,5,2,5,₹5.98 Cr,AARON ASSOCIATES LLP,AARON ELINOR 51,4425,Science City,Ahmedabad,2.07L
353,4,4,2,₹2.96 Cr,AARON ASSOCIATES LLP,AARON ELINOR 51,2535,Sola,Ahmedabad,1.03L
354,2,2,1,₹46.3 Lac,Airan Developer,Airan Shela 24,690,Shela,Ahmedabad,16k
355,2,2,1,₹54.0 Lac,Airan Developer,Airan Shela 24,628,Shela,Ahmedabad,19k
356,3,3,1,₹63.6 Lac,Airan Developer,Airan Shela 24,749,Shela,Ahmedabad,22k
357,3,3,1,₹57.1 Lac,Airan Developer,Airan Shela 24,800,Shela,Ahmedabad,20k
358,2,2,1,₹50.4 Lac,Airan Developer,Airan Shela 24,608,Shela,Ahmedabad,17k
359,2,2,1,₹55.0 Lac,Airan Developer,Airan Shela 24,639,Shela,Ahmedabad,19k
360,2,2,1,₹57.0 Lac,Airan Developer,Airan Shela 24,707,Shela,Ahmedabad,20k
361,2,2,1,₹54.1 Lac,Airan Developer,Airan Shela 24,639,Shela,Ahmedabad,19k
362,2,2,1,₹48.0 Lac,Airan Developer,Airan Shela 24,628,Shela,Ahmedabad,17k
363,2,2,3,₹57.0 Lac,Airan Developer,Airan Shela 24,650,Shela,Ahmedabad,20k
364,4,4,1,₹1.80 Cr,Goyal & Co.,Goyal Riviera Prestige,2095,Makarba,Ahmedabad,63k
365,3,3,1,₹1.19 Cr,Goyal & Co.,Goyal Riviera Prestige,1283,Makarba,Ahmedabad,42k
366,4,4,1,₹1.85 Cr,Goyal & Co.,Goyal Riviera Prestige,2166,Makarba,Ahmedabad,64k
367,5,5,,₹3.22 Cr,Goyal & Co.,Goyal Riviera Prestige,3705,Makarba,Ahmedabad,1.11L
368,3,3,1,₹1.45 Cr,Goyal & Co.,Goyal Riviera Prestige,1392,Makarba,Ahmedabad,51k
369,4,4,,₹2.35 Cr,Goyal & Co.,Goyal Riviera Prestige,2709,Makarba,Ahmedabad,81k
370,4,5,1,₹1.88 Cr,Goyal & Co.,Goyal Riviera Prestige,2095,Makarba,Ahmedabad,65k
371,4,4,1,₹1.80 Cr,Goyal & Co.,Goyal Riviera Prestige,2095,Makarba,Ahmedabad,62k
372,,,,₹1.25 Cr,Goyal Riviera Prestige,,783,Makarba,Ahmedabad,43k
373,4,4,2,₹1.62 Cr,Goyal & Co.,Goyal Riviera Prestige,1977,Makarba,Ahmedabad,56k
374,3,3,1,₹75.0 Lac,Samarth Buildwell,Samarth Omkar Parisar,915,Chandkheda,Ahmedabad,26k
375,3,3,3,₹66.1 Lac,Samarth Buildwell,Samarth Omkar Parisar,900,Chandkheda,Ahmedabad,23k
376,3,3,2,₹68.0 Lac,Samarth Buildwell,Samarth Omkar Parisar,915,Chandkheda,Ahmedabad,24k
377,3,3,1,₹76.0 Lac,Samarth Buildwell,Samarth Omkar Parisar,900,Chandkheda,Ahmedabad,26k
378,3,3,3,₹65.0 Lac,Samarth Buildwell,Samarth Omkar Parisar,915,Chandkheda,Ahmedabad,23k
379,3,3,1,₹73.9 Lac,Vishwanath Builders,Vishwanath Sarathya West,968,Shela,Ahmedabad,26k
380,3,3,1,₹68.0 Lac,Vishwanath Builders,Vishwanath Sarathya West,813,Shela,Ahmedabad,24k
381,3,3,1,₹85.0 Lac,Vishwanath Builders,Vishwanath Sarathya West,945,Shela,Ahmedabad,29k
382,3,3,2,₹72.2 Lac,Vishwanath Builders,Vishwanath Sarathya West,968,Shela,Ahmedabad,25k
383,3,3,2,₹84.0 Lac,Vishwanath Builders,Vishwanath Sarathya West,1760,Shela,Ahmedabad,29k
384,3,3,4,₹84.0 Lac,Vishwanath Builders,Vishwanath Sarathya West,1760,Shela,Ahmedabad,29k
385,3,3,1,₹72.0 Lac,Vishwanath Builders,Vishwanath Sarathya West,945,Shela,Ahmedabad,25k
386,3,3,2,₹66.9 Lac,Vishwanath Builders,Vishwanath Sarathya West,1760,Shela,Ahmedabad,23k
387,3,3,1,₹75.0 Lac,Vishwanath Builders,Vishwanath Sarathya West,945,Shela,Ahmedabad,26k
388,3,3,1,₹89.0 Lac,Vishwanath Builders,Vishwanath Sarathya West,888,Shela,Ahmedabad,31k
389,4,4,2,₹2.85 Cr,Constera Realty Pvt Ltd,Constera Anamika High Point,1766,SG Highway,Ahmedabad,99k
390,5,5,1,₹5.41 Cr,Constera Realty Pvt Ltd,Constera Anamika High Point,3345,Bodakdev,Ahmedabad,1.88L
391,4,5,2,₹2.88 Cr,Constera Realty Pvt Ltd,Constera Anamika High Point,1767,Bodakdev,Ahmedabad,100k
392,4,4,1,₹2.85 Cr,Constera Realty Pvt Ltd,Constera Anamika High Point,1496,Bodakdev,Ahmedabad,99k
393,4,4,1,₹2.80 Cr,Constera Realty Pvt Ltd,Constera Anamika High Point,1767,Bodakdev,Ahmedabad,97k
394,4,4,1,₹3.0 Cr,Constera Realty Pvt Ltd,Constera Anamika High Point,1767,Bodakdev,Ahmedabad,1.04L
395,4,4,1,₹2.85 Cr,Constera Realty Pvt Ltd,Constera Anamika High Point,1496,Bodakdev,Ahmedabad,99k
396,5,6,5,₹5.55 Cr,Constera Realty Pvt Ltd,Constera Anamika High Point,3346,Bodakdev,Ahmedabad,1.92L
397,4,4,1,₹3.56 Cr,Constera Realty Pvt Ltd,Constera Anamika High Point,2237,Bodakdev,Ahmedabad,1.23L
398,4,4,1,₹2.92 Cr,Constera Realty Pvt Ltd,Constera Anamika High Point,3325,Bodakdev,Ahmedabad,1.01L
399,4,6,2,₹2.65 Cr,Shivalik Group,Shivalik The Crown,2457,Bhat,Ahmedabad,92k
400,4,4,3,₹3.0 Cr,Assotech Ltd.,Assotech Blith,1643,Sector 99,Gurgaon,1.04L
401,,,,₹1.88 Cr,Assotech Ltd.,Assotech Blith,993,Sector 99,Gurgaon,65k
402,2,2,,₹79.7 Lac,Assotech Ltd.,Assotech Blith,1365,Sector 99,Gurgaon,28k
403,3,3,3,₹2.15 Cr,Assotech Ltd.,Assotech Blith,1685,Sector 99,Gurgaon,74k
404,4,4,4,₹2.60 Cr,Assotech Ltd.,Assotech Blith,2845,Sector 99,Gurgaon,90k
405,3,3,2,₹2.70 Cr,Assotech Ltd.,Assotech Blith,2000,Sector 99,Gurgaon,93k
406,2,2,3,₹1.10 Cr,Assotech Ltd.,Assotech Blith,1000,Sector 99,Gurgaon,38k
407,3,3,,Call for Price,Assotech Ltd.,Assotech Blith,1685,Sector 99,Gurgaon,0
408,3,4,4,₹3.10 Cr,Assotech Ltd.,Assotech Blith,2400,Sector 99,Gurgaon,1.07L
409,2,2,3,₹1.50 Cr,Assotech Ltd.,Assotech Blith,1365,Sector 99,Gurgaon,52k
410,3,2,1,₹1.85 Cr,Delhi Development Authority DDA,DDA UCO Apartment,1100,Sector 9 Rohini,New Delhi,64k
411,3,2,1,₹2.30 Cr,Delhi Development Authority DDA,DDA UCO Apartment,1250,Sector 9 Rohini,New Delhi,80k
412,3,2,,₹2.25 Cr,Delhi Development Authority DDA,DDA UCO Apartment,1100,Sector 9 Rohini,New Delhi,78k
413,3,2,1,₹1.90 Cr,Delhi Development Authority DDA,DDA UCO Apartment,1200,Sector 9 Rohini,New Delhi,66k
414,3,3,3,₹1.90 Cr,Signature Global,Signature Global Daxin Vistas,1330,Sohna,Gurgaon,66k
415,3,3,3,₹2.20 Cr,Signature Global,Signature Global Daxin Vistas,1550,Sohna,Gurgaon,76k
416,,,,₹1.90 Cr,Signature Global,Signature Global Daxin Vistas,905,Sohna,Gurgaon,66k
417,3,3,3,₹2.10 Cr,Signature Global,Signature Global Daxin Vistas,1100,Sohna,Gurgaon,73k
418,3,3,2,₹2.10 Cr,Signature Global,Signature Global Daxin Vistas,1100,Sohna,Gurgaon,73k
419,3,3,3,₹1.95 Cr,Signature Global,Signature Global Daxin Vistas,1150,Sohna,Gurgaon,68k
420,3,3,2,₹2.15 Cr,Signature Global,Signature Global Daxin Vistas,1550,Sohna,Gurgaon,74k
421,3,3,2,₹2.15 Cr,Signature Global,Signature Global Daxin Vistas,1550,Sector 36 Sohna,Gurgaon,74k
422,3,3,2,₹2.0 Cr,Signature Global,Signature Global Daxin Vistas,1300,Sohna,Gurgaon,69k
423,3,3,2,₹1.82 Cr,Signature Global,Signature Global Daxin Vistas,1000,Sohna,Gurgaon,63k
424,2,2,2,₹1.54 Cr,Godrej Properties,Godrej Air,900,Sikandarpur Badha,Gurgaon,53k
425,2,2,2,₹1.95 Cr,Godrej Properties,Godrej Air,1400,Sector 85,Gurgaon,68k
426,2,2,2,₹1.82 Cr,Godrej Properties,Godrej Air,1000,Sector 85,Gurgaon,63k
427,2,2,2,₹1.95 Cr,Godrej Properties,Godrej Air,1400,Sector 85,Gurgaon,68k
428,4,4,4,₹3.55 Cr,Godrej Properties,Godrej Air,1800,Sector 85,Gurgaon,1.23L
429,2,2,2,₹1.70 Cr,Godrej Properties,Godrej Air,1400,Sector 85,Gurgaon,59k
430,,,,₹1.90 Cr,Godrej Properties,Godrej Air,950,Sikandarpur Badha,Gurgaon,66k
431,4,5,3,₹3.90 Cr,Godrej Properties,Godrej Air,1850,Sector 85,Gurgaon,1.35L
432,4,4,,₹4.15 Cr,Godrej Properties,Godrej Air,2599,Sector 85,Gurgaon,1.44L
433,3,3,3,₹2.97 Cr,Godrej Properties,Godrej Air,1800,Sector 85,Gurgaon,1.03L
434,3,3,4,₹3.0 Cr,ACE Group,ACE HANEI,2290,Sector 12,Greater Noida,1.04L
435,4,5,5,₹4.15 Cr,ACE Group,ACE HANEI,1694,Sector 12,Greater Noida,1.44L
436,4,4,3,₹3.13 Cr,ACE Group,ACE HANEI,1270,Sector 12,Greater Noida,1.08L
437,4,5,5,₹4.15 Cr,ACE Group,ACE HANEI,1694,Sector 12,Greater Noida,1.44L
438,4,5,5,₹5.32 Cr,ACE Group,ACE HANEI,4190,Sector 12,Greater Noida,1.84L
439,3,3,4,₹2.97 Cr,ACE Group,ACE HANEI,2290,Sector 12,Greater Noida,1.03L
440,4,5,5,₹4.06 Cr,ACE Group,ACE HANEI,3200,Sector 12,Greater Noida,1.41L
441,,,,₹2.90 Cr,ACE Group,ACE HANEI,1375,Sector 12,Greater Noida,1.01L
442,4,4,4,₹4.20 Cr,ACE Group,ACE HANEI,3200,Sector 12,Greater Noida,1.45L
443,3,3,4,₹2.98 Cr,ACE Group,ACE HANEI,1210,Sector 12,Greater Noida,1.03L
444,2,1,1,₹40.0 Lac,SK Homes,,810,Avantika Colony,Ghaziabad,14k
445,3,2,1,₹68.0 Lac,SK Homes,,1200,Avantika Colony,Ghaziabad,24k
446,3,2,1,₹68.3 Lac,SK Homes,,1200,Avantika Colony,Ghaziabad,24k
447,3,2,2,₹71.4 Lac,SK Homes,,1100,Avantika Colony,Ghaziabad,25k
448,3,3,1,₹1.10 Cr,SK Homes,,1600,Avantika Colony,Ghaziabad,38k
449,3,2,1,₹70.4 Lac,SK Homes,,1100,Avantika Colony,Ghaziabad,24k
450,3,2,2,₹71.0 Lac,SK Homes,,1100,Avantika Colony,Ghaziabad,25k
451,3,2,1,₹70.1 Lac,SK Homes,,1100,Avantika Colony,Ghaziabad,24k
452,3,2,2,₹71.5 Lac,SK Homes,,1100,Avantika Colony,Ghaziabad,25k
453,3,2,2,₹71.0 Lac,SK Homes,,1100,Avantika Colony,Ghaziabad,25k
454,3,3,3,₹2.90 Cr,ATS Infrastructure Ltd.,ATS One Hamlet,1759,Sector 104,Noida,1.00L
455,3,3,4,₹3.10 Cr,ATS Infrastructure Ltd.,ATS One Hamlet,1550,Sector 104,Noida,1.07L
456,3,4,5,₹4.05 Cr,ATS Infrastructure Ltd.,ATS One Hamlet,2150,Sector 104,Noida,1.40L
457,3,4,5,₹3.78 Cr,ATS Infrastructure Ltd.,ATS One Hamlet,2150,Sector 104,Noida,1.31L
458,3,4,5,₹2.80 Cr,ATS Infrastructure Ltd.,ATS One Hamlet,1759,Sector 104,Noida,97k
459,3,4,3,₹4.0 Cr,ATS Infrastructure Ltd.,ATS One Hamlet,2150,Sector 104,Noida,1.38L
460,3,3,4,₹4.35 Cr,ATS Infrastructure Ltd.,ATS One Hamlet,2150,Sector 104,Noida,1.51L
461,5,5,4,₹7.24 Cr,ATS Infrastructure Ltd.,ATS One Hamlet,4185,Sector 104,Noida,2.51L
462,4,5,4,₹16.50 Cr,,,392sqm,Sector 104,Noida,5.71L
463,4,4,4,₹6.30 Cr,ATS Infrastructure Ltd.,ATS One Hamlet,3115,Sector 104,Noida,2.18L
464,3,2,3,₹98.0 Lac,Galaxy Group,Galaxy North Avenue 2,987,Noida Extension,Noida,34k
465,2,2,2,₹72.0 Lac,Galaxy Group,Galaxy North Avenue 2,647,Noida Extension,Noida,25k
466,4,3,4,₹1.80 Cr,Galaxy Group,Galaxy North Avenue 2,1228,Noida Extension,Noida,62k
467,2,2,,₹95.0 Lac,Galaxy Group,Galaxy North Avenue 2,1175,Noida Extension,Noida,33k
468,3,2,3,₹1.02 Cr,Galaxy Group,Galaxy North Avenue 2,875,Noida Extension,Noida,35k
469,2,2,3,₹95.0 Lac,Galaxy Group,Galaxy North Avenue 2,822,Noida Extension,Noida,33k
470,2,2,3,₹85.0 Lac,Galaxy Group,Galaxy North Avenue 2,822,Noida Extension,Noida,29k
471,2,2,3,₹90.0 Lac,Galaxy Group,Galaxy North Avenue 2,822,Noida Extension,Noida,31k
472,2,2,3,₹43.0 Lac,Galaxy Group,Galaxy North Avenue 2,1175,Gaur City 2,Noida,15k
473,2,2,3,₹84.0 Lac,Galaxy Group,Galaxy North Avenue 2,822,Noida Extension,Noida,29k
474,3,3,4,₹3.35 Cr,M3M India Pvt. Ltd.,M3M Heights,1850,Sector 65,Gurgaon,1.16L
475,2,2,3,₹2.41 Cr,M3M India Pvt. Ltd.,M3M Heights,1261,Sector 65,Gurgaon,84k
476,3,4,3,₹3.90 Cr,M3M India Pvt. Ltd.,M3M Heights,2040,Sector 65,Gurgaon,1.35L
477,2,2,2,₹2.98 Cr,M3M India Pvt. Ltd.,M3M Heights,1420,Sector 65,Gurgaon,1.03L
478,3,4,3,₹3.80 Cr,M3M India Pvt. Ltd.,M3M Heights,2040,Sector 65,Gurgaon,1.32L
479,3,3,3,₹3.50 Cr,M3M India Pvt. Ltd.,M3M Heights,1828,Sector 65,Gurgaon,1.21L
480,3,4,3,₹3.80 Cr,M3M India Pvt. Ltd.,M3M Heights,1800,Sector 65,Gurgaon,1.32L
481,2,2,3,₹2.70 Cr,M3M India Pvt. Ltd.,M3M Heights,800,Sector 65,Gurgaon,93k
482,2,2,2,Call for Price,M3M India Pvt. Ltd.,M3M Heights,1016,Sector 65,Gurgaon,1.13L
483,3,4,3,₹3.35 Cr,M3M India Pvt. Ltd.,M3M Heights,2040,Sector 65,Gurgaon,1.16L
484,2,2,1,₹1.80 Cr,Delhi Development Authority DDA,DDA Flats Munirka,1000,Munirka,New Delhi,62k
485,2,2,2,₹2.35 Cr,Delhi Development Authority DDA,DDA Flats Munirka,1100,JNU Campus Old,New Delhi,81k
486,2,2,,₹2.09 Cr,Delhi Development Authority DDA,DDA Flats Munirka,1100,Munirka,New Delhi,72k
487,2,1,1,₹2.65 Cr,Delhi Development Authority DDA,DDA Flats Munirka,1000,JNU Campus Old,New Delhi,92k
488,3,3,1,₹3.20 Cr,Delhi Development Authority DDA,DDA Flats Munirka,2000,Munirka,New Delhi,1.11L
489,3,3,,₹2.75 Cr,Delhi Development Authority DDA,DDA Flats Munirka,1400,Munirka,New Delhi,95k
490,2,2,1,₹1.87 Cr,Delhi Development Authority DDA,DDA Flats Munirka,1100,JNU Campus Old,New Delhi,65k
491,3,2,,₹1.84 Cr,Delhi Development Authority DDA,DDA Flats Munirka,1450,Munirka,New Delhi,64k
492,2,2,2,₹1.77 Cr,Delhi Development Authority DDA,DDA Flats Munirka,1200,Munirka,New Delhi,61k
493,3,3,,₹3.69 Cr,Delhi Development Authority DDA,DDA Flats Munirka,1800,Munirka,New Delhi,1.28L
494,4,4,4,₹13.0 Cr,Max Estates 128 Private Limited,Max Estate 128,2824,Sector 128,Noida,4.50L
495,4,4,5,₹10.82 Cr,Max Estates 128 Private Limited,Max Estate 128,2640,Sultanpur,Noida,3.75L
496,4,3,3,₹12.50 Cr,Max Estates 128 Private Limited,Max Estate 128,4613,Sector 128,Noida,4.33L
497,4,4,2,₹11.45 Cr,Max Estates 128 Private Limited,Max Estate 128,3800,Sector 128,Noida,3.96L
498,4,4,2,₹12.25 Cr,Max Estates 128 Private Limited,Max Estate 128,2381,Sector 128,Noida,4.24L
499,4,4,4,₹11.26 Cr,Max Estates 128 Private Limited,Max Estate 128,2364,Goberdhanpur,Noida,3.90L
500,,,,₹9.69 Cr,County Group,Ivory County,4137,Sector 115,Noida,3.35L
501,,,,₹9.79 Cr,County Group,Ivory County,4137,Sector 115,Noida,3.39L
502,3,3,4,₹3.15 Cr,County Group,Ivory County,2304,Sector 115,Noida,1.09L
503,5,5,,₹6.0 Cr,County Group,Ivory County,6939,Sector 115,Noida,2.08L
504,3,3,4,₹4.15 Cr,County Group,Ivory County,2304,Sector 115,Noida,1.44L
505,4,5,5,₹9.40 Cr,County Group,Ivory County,4707,Sector 115,Noida,3.25L
506,5,4,5,₹13.53 Cr,County Group,Ivory County,6939,Sector 115,Noida,4.68L
507,3,3,4,₹4.05 Cr,County Group,Ivory County,1396,Sector 115,Noida,1.40L
508,3,3,4,₹2.82 Cr,County Group,Ivory County,2034,Sector 115,Noida,98k
509,4,4,4,₹4.36 Cr,County Group,Ivory County,2727,Sector 115,Noida,1.51L
510,4,4,4,₹5.55 Cr,Express Builders Ltd.,Express Zenith,4100,Sector 77,Noida,1.92L
511,2,2,2,₹1.50 Cr,Express Builders Ltd.,Express Zenith,1075,Sector 77,Noida,52k
512,2,2,3,₹1.32 Cr,Express Builders Ltd.,Express Zenith,950,Sector 77,Noida,46k
513,3,2,3,₹1.48 Cr,Express Builders Ltd.,Express Zenith,1300,Sector 77,Noida,52k
514,2,2,,₹1.50 Cr,Express Builders Ltd.,Express Zenith,950,Sector 77,Noida,52k
515,3,4,4,₹2.30 Cr,Express Builders Ltd.,Express Zenith,1765,Sector 77,Noida,80k
516,3,3,4,₹2.04 Cr,Express Builders Ltd.,Express Zenith,1465,Sector 77,Noida,71k
517,3,3,4,₹2.70 Cr,Express Builders Ltd.,Express Zenith,1410,Sector 77,Noida,93k
518,4,4,4,₹5.13 Cr,Express Builders Ltd.,Express Zenith,3670,Sector 77,Noida,1.78L
519,3,4,5,₹3.70 Cr,Express Builders Ltd.,Express Zenith,3000,Sector 77,Noida,1.28L
520,4,4,4,₹13.0 Cr,Max Estates 128 Private Limited,Max Estate 128,2824,Sector 128,Noida,4.50L
521,4,4,5,₹10.82 Cr,Max Estates 128 Private Limited,Max Estate 128,2640,Sultanpur,Noida,3.75L
522,4,3,3,₹12.50 Cr,Max Estates 128 Private Limited,Max Estate 128,4613,Sector 128,Noida,4.33L
523,4,4,2,₹11.45 Cr,Max Estates 128 Private Limited,Max Estate 128,3800,Sector 128,Noida,3.96L
524,4,4,2,₹12.25 Cr,Max Estates 128 Private Limited,Max Estate 128,2381,Sector 128,Noida,4.24L
525,4,4,4,₹11.26 Cr,Max Estates 128 Private Limited,Max Estate 128,2364,Goberdhanpur,Noida,3.90L
526,4,4,2,₹12.25 Cr,Max Estates 128 Private Limited,Max Estate 128,2381,Sector 128,Noida,4.24L
527,4,5,4,₹11.0 Cr,Max Estates 128 Private Limited,Max Estate 128,2700,Sultanpur,Noida,3.81L
528,,,,₹12.50 Cr,Max Estates 128 Private Limited,Max Estate 128,4613,Sector 128,Noida,4.33L
529,5,5,4,₹13.08 Cr,Max Estates 128 Private Limited,Max Estate 128,5232,Sector 128,Noida,4.53L
530,3,3,3,₹1.43 Cr,RG Group,Rgs Pleiaddes,871,Goutam Buddh Nagar,Noida,50k
531,3,3,4,₹1.36 Cr,RG Group,Rgs Pleiaddes,871,Goutam Buddh Nagar,Noida,47k
532,3,3,3,₹1.36 Cr,RG Group,Rgs Pleiaddes,871,Goutam Buddh Nagar,Noida,47k
533,3,3,3,₹1.43 Cr,RG Group,Rgs Pleiaddes,871,Goutam Buddh Nagar,Noida,50k
534,3,3,3,₹1.43 Cr,RG Group,Rgs Pleiaddes,871,Goutam Buddh Nagar,Noida,50k
535,3,3,5,₹1.43 Cr,RG Group,Rgs Pleiaddes,871,Goutam Buddh Nagar,Noida,50k
536,3,3,3,₹1.43 Cr,RG Group,Rgs Pleiaddes,871,Goutam Buddh Nagar,Noida,50k
537,3,3,3,₹1.44 Cr,RG Group,Rgs Pleiaddes,871,Goutam Buddh Nagar,Noida,50k
538,3,3,4,₹1.43 Cr,RG Group,Rgs Pleiaddes,871,Goutam Buddh Nagar,Noida,50k
539,3,3,3,₹1.43 Cr,RG Group,Rgs Pleiaddes,871,Goutam Buddh Nagar,Noida,50k
540,3,2,3,₹2.70 Cr,ABA Cleo County,,1043,Sector 121,Noida,93k
541,3,3,3,₹3.50 Cr,ABA Cleo County,,1182,Sector 121,Noida,1.21L
542,,,,₹7.05 Cr,ABA Cleo County,,3195,Sector 121,Noida,2.44L
543,,,,₹3.35 Cr,ABA Cleo County,,1182,Sector 121,Noida,1.16L
544,3,3,3,₹3.98 Cr,ABA Cleo County,,1338,Sector 121,Noida,1.38L
545,3,4,5,₹3.80 Cr,ABA Cleo County,,1590,Sector 121,Noida,1.32L
546,3,2,3,₹2.48 Cr,ABA Cleo County,,844,Sector 121,Noida,86k
547,,,,₹3.0 Cr,ABA Cleo County,,1043,Sector 121,Noida,1.04L
548,3,3,3,₹3.85 Cr,ABA Cleo County,,1338,Sector 121,Noida,1.33L
549,3,3,3,₹3.36 Cr,ABA Cleo County,,1182,Sector 121,Noida,1.16L
550,3,4,2,₹6.05 Cr,Kalpataru Ltd.,Kalpataru Vista,1608,Sector 128,Noida,2.09L
551,4,5,4,₹8.25 Cr,Kalpataru Ltd.,Kalpataru Vista,3000,Sector 128,Noida,2.86L
552,3,4,2,₹6.40 Cr,Kalpataru Ltd.,Kalpataru Vista,1630,Sector 128,Noida,2.22L
553,3,4,2,₹6.14 Cr,Kalpataru Ltd.,Kalpataru Vista,1608,Sector 128,Noida,2.13L
554,4,5,2,₹8.07 Cr,Kalpataru Ltd.,Kalpataru Vista,2105,Sector 128,Noida,2.79L
555,,,,₹6.25 Cr,Kalpataru Ltd.,Kalpataru Vista,1630,Sector 128,Noida,2.16L
556,4,4,5,₹8.35 Cr,Kalpataru Ltd.,Kalpataru Vista,2100,Sector 128,Noida,2.89L
557,4,5,4,₹8.05 Cr,Kalpataru Ltd.,Kalpataru Vista,3905,Sector 128,Noida,2.79L
558,3,4,2,₹6.05 Cr,Kalpataru Ltd.,Kalpataru Vista,1608,Sultanpur,Noida,2.09L
559,3,4,2,₹6.14 Cr,Kalpataru Ltd.,Kalpataru Vista,1608,Sector 128,Noida,2.13L
560,5,5,5,₹9.55 Cr,Shirja Real Estate Solutions Pvt. Ltd.,Shirja Clove County,5310,Sector 151,Noida,3.31L
561,4,5,5,₹7.33 Cr,Shirja Real Estate Solutions Pvt. Ltd.,Shirja Clove County,4077,Sector 151,Noida,2.54L
562,5,6,4,₹11.55 Cr,Shirja Real Estate Solutions Pvt. Ltd.,Shirja Clove County,6417,Sector 151,Noida,4.00L
563,4,5,3,₹7.82 Cr,Shirja Real Estate Solutions Pvt. Ltd.,Shirja Clove County,4077,Sector 151,Noida,2.71L
564,4,6,4,₹7.33 Cr,Shirja Real Estate Solutions Pvt. Ltd.,Shirja Clove County,4077,Sector 151,Noida,2.54L
565,5,6,3,₹12.32 Cr,Shirja Real Estate Solutions Pvt. Ltd.,Shirja Clove County,6417,Sector 151,Noida,4.27L
566,4,5,3,₹7.98 Cr,Shirja Real Estate Solutions Pvt. Ltd.,Shirja Clove County,3580,Sector 151,Noida,2.76L
567,5,7,5,₹9.55 Cr,Shirja Real Estate Solutions Pvt. Ltd.,Shirja Clove County,5310,Sector 151,Noida,3.31L
568,5,6,6,₹9.55 Cr,Shirja Real Estate Solutions Pvt. Ltd.,Shirja Clove County,5310,Sector 151,Noida,3.31L
569,5,5,5,₹11.55 Cr,Shirja Real Estate Solutions Pvt. Ltd.,Shirja Clove County,6417,Sector 151,Noida,4.00L
570,4,5,4,₹4.24 Cr,ATS Infrastructure Ltd.,ATS Picturesque Reprieves,3200,Sector 152,Noida,1.47L
571,3,4,3,₹2.22 Cr,ATS Infrastructure Ltd.,ATS Picturesque Reprieves,1850,Sector 152,Noida,77k
572,,,,₹3.15 Cr,ATS Infrastructure Ltd.,ATS Picturesque Reprieves,2350,Sector 152,Noida,1.09L
573,3,3,5,₹2.59 Cr,ATS Infrastructure Ltd.,ATS Picturesque Reprieves,1700,Sector 152,Noida,90k
574,3,3,3,₹2.54 Cr,ATS Infrastructure Ltd.,ATS Picturesque Reprieves,1800,Sector 152,Noida,88k
575,3,3,3,₹3.05 Cr,ATS Infrastructure Ltd.,ATS Picturesque Reprieves,2000,Sector 152,Noida,1.06L
576,4,6,4,₹3.95 Cr,ATS Infrastructure Ltd.,ATS Picturesque Reprieves,3200,Sector 152,Noida,1.37L
577,3,4,3,₹2.20 Cr,ATS Infrastructure Ltd.,ATS Picturesque Reprieves,1850,Sector 152,Noida,76k
578,3,4,5,₹3.29 Cr,ATS Infrastructure Ltd.,ATS Picturesque Reprieves,2350,Sector 152,Noida,1.14L
579,3,3,4,Call for Price,ATS Infrastructure Ltd.,ATS Picturesque Reprieves,2350,Sector 152,Noida,82k
580,3,3,4,₹3.36 Cr,Experion Developers Pvt Ltd,Experion Saatori,2100,Sector 151,Noida,1.16L
581,3,3,3,₹3.36 Cr,Experion Developers Pvt Ltd,Experion Saatori,2100,Sector 151,Noida,1.16L
582,3,3,3,₹4.15 Cr,Experion Developers Pvt Ltd,Experion Saatori,2600,Sector 151,Noida,1.44L
583,3,3,4,₹3.36 Cr,Experion Developers Pvt Ltd,Experion Saatori,2100,Sector 151,Noida,1.16L
584,3,4,3,₹4.16 Cr,Experion Developers Pvt Ltd,Experion Saatori,2600,Sector 151,Noida,1.44L
585,3,3,3,₹3.36 Cr,Experion Developers Pvt Ltd,Experion Saatori,2100,Sector 151,Noida,1.16L
586,4,5,4,₹5.12 Cr,Experion Developers Pvt Ltd,Experion Saatori,3200,Sector 151,Noida,1.77L
587,3,3,3,₹3.27 Cr,Experion Developers Pvt Ltd,Experion Saatori,2050,Sector 151,Noida,1.14L
588,4,5,3,₹5.12 Cr,Experion Developers Pvt Ltd,Experion Saatori,3200,Sector 151,Noida,1.77L
589,4,5,5,₹5.12 Cr,Experion Developers Pvt Ltd,Experion Saatori,3200,Sector 151,Noida,1.77L
590,5,5,4,Call for Price,,,8250,Sector 150,Noida,7.55L
591,4,5,4,Call for Price,,,6554,Sector 150,Noida,4.85L
592,4,4,3,₹9.0 Cr,,,3150,Sector 150,Noida,3.12L
593,5,5,4,₹11.89 Cr,,,4500,Sector 150,Noida,4.12L
594,5,5,4,Call for Price,,,8250,Sector 150,Noida,7.55L
595,3,3,4,₹1.25 Cr,ATS Infrastructure Ltd.,ATS Homekraft Happy Trails,930,Sector 10,Noida,43k
596,3,3,3,₹1.72 Cr,ATS Infrastructure Ltd.,ATS Homekraft Happy Trails,1000,Sector 10 Noida Extension,Noida,60k
597,3,3,3,₹2.0 Cr,ATS Infrastructure Ltd.,ATS Homekraft Happy Trails,1625,Noida Extension,Noida,69k
598,,,,₹1.85 Cr,ATS Infrastructure Ltd.,ATS Homekraft Happy Trails,998,Sector 10 Noida Extension,Noida,64k
599,3,3,3,₹1.72 Cr,ATS Infrastructure Ltd.,ATS Homekraft Happy Trails,1385,Noida Extension,Noida,60k
600,3,3,3,₹1.90 Cr,Signature Global,Signature Global Daxin Vistas,1330,Sohna,Gurgaon,66k
601,3,3,3,₹2.20 Cr,Signature Global,Signature Global Daxin Vistas,1550,Sohna,Gurgaon,76k
602,,,,₹1.90 Cr,Signature Global,Signature Global Daxin Vistas,905,Sohna,Gurgaon,66k
603,3,3,3,₹2.10 Cr,Signature Global,Signature Global Daxin Vistas,1100,Sohna,Gurgaon,73k
604,3,3,2,₹2.10 Cr,Signature Global,Signature Global Daxin Vistas,1100,Sohna,Gurgaon,73k
605,3,3,3,₹1.95 Cr,Signature Global,Signature Global Daxin Vistas,1150,Sohna,Gurgaon,68k
606,3,3,2,₹2.15 Cr,Signature Global,Signature Global Daxin Vistas,1550,Sohna,Gurgaon,74k
607,3,3,2,₹2.15 Cr,Signature Global,Signature Global Daxin Vistas,1550,Sector 36 Sohna,Gurgaon,74k
608,3,3,2,₹2.0 Cr,Signature Global,Signature Global Daxin Vistas,1300,Sohna,Gurgaon,69k
609,3,3,2,₹1.82 Cr,Signature Global,Signature Global Daxin Vistas,1000,Sohna,Gurgaon,63k
610,3,3,3,₹1.81 Cr,Ramprastha Group,Ramprastha Primera,1800,Sector 37D,Gurgaon,63k
611,3,3,3,₹1.78 Cr,Ramprastha Group,Ramprastha Primera,1775,Sector 37D,Gurgaon,62k
612,3,3,3,₹1.37 Cr,Ramprastha Group,Ramprastha Primera,890,Sector 37D,Gurgaon,47k
613,3,3,3,₹1.0 Cr,Ramprastha Group,Ramprastha Primera,1695,Garauli Khurd,Gurgaon,35k
614,3,3,3,₹1.81 Cr,Ramprastha Group,Ramprastha Primera,1800,Sector 37D,Gurgaon,63k
615,3,2,2,₹79.0 Lac,Ramprastha Group,Ramprastha Primera,650,Sector 37D,Gurgaon,27k
616,3,3,3,₹1.27 Cr,Ramprastha Group,Ramprastha Primera,890,Sector 37D,Gurgaon,44k
617,3,3,3,₹1.78 Cr,Ramprastha Group,Ramprastha Primera,1775,Sector 37D,Gurgaon,62k
618,3,3,,₹2.0 Cr,Ramprastha Group,Ramprastha Primera,1775,Sector 37D,Gurgaon,69k
619,3,3,3,₹2.81 Cr,Signature Global,Signature Global Sarvam at DXP Estate,1815,Sector 37D,Gurgaon,97k
620,3,4,2,₹3.50 Cr,Signature Global,Signature Global Sarvam at DXP Estate,2260,Sector 37D,Gurgaon,1.21L
621,,,,₹2.0 Cr,Signature Global,Signature Global Sarvam at DXP Estate,1330,Sector 37D,Gurgaon,69k
622,4,4,4,₹3.86 Cr,Signature Global,Signature Global Sarvam at DXP Estate,2495,Sector 37D,Gurgaon,1.34L
623,3,3,3,₹2.85 Cr,Signature Global,Signature Global Sarvam at DXP Estate,1840,Sector 37D,Gurgaon,99k
624,3,3,3,₹3.96 Cr,Signature Global,Signature Global Sarvam at DXP Estate,2200,Sector 37D,Gurgaon,1.37L
625,3,3,3,₹3.62 Cr,Signature Global,Signature Global Sarvam at DXP Estate,2340,Sector 37D,Gurgaon,1.26L
626,3,3,1,₹3.40 Cr,Signature Global,Signature Global Sarvam at DXP Estate,2340,Sector 37D,Gurgaon,1.18L
627,3,3,2,₹3.62 Cr,Signature Global,Signature Global Sarvam at DXP Estate,2340,Sector 37D,Gurgaon,1.26L
628,3,3,3,₹3.17 Cr,Signature Global,Signature Global Sarvam at DXP Estate,2050,Sector 37D,Gurgaon,1.10L
629,4,4,4,₹6.62 Cr,Smartworld Developers,Smartworld The Edition,3680,Sector 66,Gurgaon,2.29L
630,4,4,4,₹6.62 Cr,Smartworld Developers,Smartworld The Edition,3680,Sector 66,Gurgaon,2.29L
631,4,4,4,₹6.62 Cr,Smartworld Developers,Smartworld The Edition,3680,Sector 66,Gurgaon,2.29L
632,4,4,3,₹6.58 Cr,Smartworld Developers,Smartworld The Edition,3660,Sector 66,Gurgaon,2.28L
633,4,5,3,₹6.30 Cr,Smartworld Developers,Smartworld The Edition,3505,Sector 66,Gurgaon,2.18L
634,4,4,3,₹6.30 Cr,Smartworld Developers,Smartworld The Edition,3505,Sector 66,Gurgaon,2.18L
635,4,4,3,₹6.58 Cr,Smartworld Developers,Smartworld The Edition,3660,Sector 66,Gurgaon,2.28L
636,3,3,3,₹6.03 Cr,Smartworld Developers,Smartworld The Edition,2945,Sector 66,Gurgaon,2.09L
637,4,4,4,₹6.48 Cr,Smartworld Developers,Smartworld The Edition,3605,Sector 66,Gurgaon,2.25L
638,4,5,3,₹6.58 Cr,Smartworld Developers,Smartworld The Edition,3660,Sector 66,Gurgaon,2.28L
639,4,4,4,₹10.66 Cr,Elan Group,Elan The Statement,4285,Sector 49,Gurgaon,3.69L
640,4,4,5,₹18.10 Cr,Elan Group,Elan The Statement,7270,Sector 49,Gurgaon,6.27L
641,4,4,5,₹18.10 Cr,Elan Group,Elan The Statement,7270,Sector 49,Gurgaon,6.27L
642,4,4,5,₹18.10 Cr,Elan Group,Elan The Statement,7270,Sector 49,Gurgaon,6.27L
643,4,4,5,₹18.41 Cr,Elan Group,Elan The Statement,7395,Sector 49,Gurgaon,6.37L
644,4,4,4,₹10.80 Cr,Elan Group,Elan The Statement,4340,Sector 49,Gurgaon,3.74L
645,4,4,4,₹10.80 Cr,Elan Group,Elan The Statement,4340,Sector 49,Gurgaon,3.74L
646,4,4,4,₹10.66 Cr,Elan Group,Elan The Statement,4285,Sector 49,Gurgaon,3.69L
647,4,4,5,₹18.41 Cr,Elan Group,Elan The Statement,7395,Sector 49,Gurgaon,6.37L
648,4,4,4,₹10.66 Cr,Elan Group,Elan The Statement,4285,Sector 49,Gurgaon,3.69L
649,3,4,2,₹2.95 Cr,Chintels India Pvt. Ltd.,Chintels Serenity,1132,Sector 109,Gurgaon,1.02L
650,3,4,2,₹2.90 Cr,Chintels India Pvt. Ltd.,Chintels Serenity,1132,Sector 109,Gurgaon,1.00L
651,3,4,4,₹2.75 Cr,Chintels India Pvt. Ltd.,Chintels Serenity,1282,Sector 109,Gurgaon,95k
652,3,4,4,₹3.05 Cr,Chintels India Pvt. Ltd.,Chintels Serenity,1282,Sector 109,Gurgaon,1.06L
653,3,4,1,₹3.27 Cr,Chintels India Pvt. Ltd.,Chintels Serenity,1955,Sector 109,Gurgaon,1.13L
654,4,5,3,₹4.40 Cr,Chintels India Pvt. Ltd.,Chintels Serenity,2925,Sector 109,Gurgaon,1.52L
655,4,5,3,₹4.24 Cr,Chintels India Pvt. Ltd.,Chintels Serenity,2925,Sector 109,Gurgaon,1.47L
656,3,3,3,₹2.30 Cr,Chintels India Pvt. Ltd.,Chintels Serenity,1590,Sector 109,Gurgaon,80k
657,4,5,2,₹4.25 Cr,Chintels India Pvt. Ltd.,Chintels Serenity,1551,Sector 109,Gurgaon,1.47L
658,3,3,4,₹2.80 Cr,Chintels India Pvt. Ltd.,Chintels Serenity,1595,Sector 109,Gurgaon,97k
659,2,3,2,₹3.48 Cr,Krisumi Corporation Pvt. Ltd.,Krisumi Waterfall Residency Phase III,1380,Sector 36A,Gurgaon,1.20L
660,3,3,3,₹4.71 Cr,Krisumi Corporation Pvt. Ltd.,Krisumi Waterfall Residency Phase III,2100,Sector 36A,Gurgaon,1.63L
661,,,,₹3.90 Cr,Krisumi Corporation Pvt. Ltd.,Krisumi Waterfall Residency Phase III,1140,Sector 36A,Gurgaon,1.35L
662,2,2,3,₹5.06 Cr,Krisumi Corporation Pvt. Ltd.,Krisumi Waterfall Residency Phase III,2365,Sector 36A,Gurgaon,1.75L
663,3,3,3,₹5.25 Cr,Krisumi Corporation Pvt. Ltd.,Krisumi Waterfall Residency Phase III,1700,Sector 36A,Gurgaon,1.82L
664,2,2,2,Call for Price,Krisumi Corporation Pvt. Ltd.,Krisumi Waterfall Residency Phase III,1500,Sector 36A,Gurgaon,1.26L
665,3,3,4,₹5.78 Cr,Krisumi Corporation Pvt. Ltd.,Krisumi Waterfall Residency Phase III,2700,Sector 36A,Gurgaon,2.00L
666,3,3,3,₹5.14 Cr,Krisumi Corporation Pvt. Ltd.,Krisumi Waterfall Residency Phase III,2300,Sector 36A,Gurgaon,1.78L
667,3,3,5,₹4.75 Cr,Krisumi Corporation Pvt. Ltd.,Krisumi Waterfall Residency Phase III,2700,Sector 36A,Gurgaon,1.64L
668,3,3,3,₹5.28 Cr,Krisumi Corporation Pvt. Ltd.,Krisumi Waterfall Residency Phase III,2100,Sector 36A,Gurgaon,1.83L
669,3,3,4,₹3.35 Cr,M3M India Pvt. Ltd.,M3M Heights,1850,Sector 65,Gurgaon,1.16L
670,2,2,3,₹2.41 Cr,M3M India Pvt. Ltd.,M3M Heights,1261,Sector 65,Gurgaon,84k
671,3,4,3,₹3.90 Cr,M3M India Pvt. Ltd.,M3M Heights,2040,Sector 65,Gurgaon,1.35L
672,2,2,2,₹2.98 Cr,M3M India Pvt. Ltd.,M3M Heights,1420,Sector 65,Gurgaon,1.03L
673,3,4,3,₹3.80 Cr,M3M India Pvt. Ltd.,M3M Heights,2040,Sector 65,Gurgaon,1.32L
674,3,3,3,₹3.50 Cr,M3M India Pvt. Ltd.,M3M Heights,1828,Sector 65,Gurgaon,1.21L
675,3,4,3,₹3.80 Cr,M3M India Pvt. Ltd.,M3M Heights,1800,Sector 65,Gurgaon,1.32L
676,2,2,3,₹2.70 Cr,M3M India Pvt. Ltd.,M3M Heights,800,Sector 65,Gurgaon,93k
677,2,2,2,Call for Price,M3M India Pvt. Ltd.,M3M Heights,1016,Sector 65,Gurgaon,1.13L
678,3,4,3,₹3.35 Cr,M3M India Pvt. Ltd.,M3M Heights,2040,Sector 65,Gurgaon,1.16L
679,3,3,3,₹7.57 Cr,Whiteland Corporation Private Limited,Whiteland Urban Resort,2939,Sector 103,Gurgaon,2.62L
680,3,3,3,₹7.57 Cr,Whiteland Corporation Private Limited,Whiteland Urban Resort,2939,Sector 103,Gurgaon,2.62L
681,3,4,4,₹6.88 Cr,Whiteland Corporation Private Limited,Whiteland Urban Resort,2673,Sector 103,Gurgaon,2.38L
682,4,5,4,₹9.68 Cr,Whiteland Corporation Private Limited,Whiteland Urban Resort,3290,Sector 103,Gurgaon,3.35L
683,4,4,4,₹10.60 Cr,Whiteland Corporation Private Limited,Whiteland Urban Resort,3962,Sector 103,Gurgaon,3.67L
684,3,4,4,₹7.57 Cr,Whiteland Corporation Private Limited,Whiteland Urban Resort,2939,Sector 103,Gurgaon,2.62L
685,4,4,4,₹12.69 Cr,Whiteland Corporation Private Limited,Whiteland Urban Resort,3750,Sector 103,Gurgaon,4.39L
686,3,3,3,₹6.88 Cr,Whiteland Corporation Private Limited,Whiteland Urban Resort,2673,Sector 103,Gurgaon,2.38L
687,3,3,3,₹6.88 Cr,Whiteland Corporation Private Limited,Whiteland Urban Resort,2673,Sector 103,Gurgaon,2.38L
688,3,3,3,₹6.53 Cr,Whiteland Corporation Private Limited,Whiteland Urban Resort,1827,Daulatabad,Gurgaon,2.26L
689,3,3,3,₹4.77 Cr,Elan Buildcon Pvt. Ltd.,Elan The Presidential,1347,Sector 106,Gurgaon,1.65L
690,4,5,4,₹5.0 Cr,Elan Buildcon Pvt. Ltd.,Elan The Presidential,3075,Sector 106,Gurgaon,1.73L
691,4,4,4,₹6.65 Cr,Elan Buildcon Pvt. Ltd.,Elan The Presidential,1702,Sector 106,Gurgaon,2.30L
692,,,,,,,,,,
693,,,,,,,,,,
694,3,4,3,₹5.25 Cr,Elan Buildcon Pvt. Ltd.,Elan The Presidential,2700,Sector 106,Gurgaon,1.82L
695,4,4,4,₹6.45 Cr,Elan Buildcon Pvt. Ltd.,Elan The Presidential,1702,Sector 106,Gurgaon,2.23L
696,4,4,4,₹6.65 Cr,Elan Buildcon Pvt. Ltd.,Elan The Presidential,1702,Sector 106,Gurgaon,2.30L
697,5,5,3,₹8.67 Cr,Elan Buildcon Pvt. Ltd.,Elan The Presidential,2500,Sector 106,Gurgaon,3.00L
698,,,,₹8.39 Cr,Elan Buildcon Pvt. Ltd.,Elan The Presidential,2700,Sector 106,Gurgaon,2.91L
699,3,3,2,₹5.0 Cr,Conscient and Hines,Conscient Elevate,1159,Sector 59,Gurgaon,1.73L
